物种,初始技能数,介绍,示例,规则
野兽,4,野兽是充满野性、拥有动物般智力的生物。它们的外形时常会因为受到魔法影响而变异，其中部分野兽甚至还能施放法术。,巨型老鼠、太阳熊、战蚁。,野兽无法习得使用装备技能。
构装体,2,构装体是由灵魂能量驱动的人造生命，通常是由炼金术士、法师或科学家所打造。,石像鬼、魔像、魔导士兵。,构装体免疫毒系伤害，对土系伤害具有抵抗相性，且免疫中毒。
恶魔,3,恶魔是传说和信仰中邪恶力量的化身。尽管拥有实体，但它们并非真正的活物。有的恶魔甚至会在被杀死后重生。,夜魔、魔鬼、小鬼。,恶魔对两种伤害类型具有抵抗相性。
元素,2,元素生物是自然之力的实体显现形态。部分元素生物具有感知能力，但大多数都缺乏思维能力。,宁芙、凤凰、泰坦。,元素生物免疫毒系伤害和另一种伤害类型，且免疫中毒。
人形,3,这种类型的涵盖范围很广，指的是一切群居、身体形态类似人类、会使用工具和装备的智慧生物。,强盗、狗头人、食人魔。,人形生物自带使用装备技能。
怪物,4,怪物大多是魔法怪兽，通常拥有极高智力，并掌握超自然力量。它们的外形通常非常怪异。,蛇蜥、巨龙、拟形怪。,怪物没有特性规则。
植物,3,这里所说的植物类别当然不是普通的花草树木，而是由于变异或魔法而进化成为了危险的掠食者。,曼德拉草、陷龙花、树精。,植物免疫眩晕、动摇和激怒，但对（风、雷、火、冰其中之一)的伤害具有弱点。
不死族,2,不死族不死族可能是通过魔法唤醒的死尸，或是无法正常回归灵魂之河的鬼魂。,木乃伊、骷髅、丧尸。,"不死族免疫暗系和毒系伤害，免疫中毒，但对光系伤害具有弱点。
此外，当某个效果（如奥灵、药剂或法术）将会为不死族恢复生命值时，该效果的控制者可以选择改为使该不死族损失相当于恢复量一半的生命值。"
